<?xml version='1.0' encoding='UTF-8' standalone='yes'?>
<XmlFileIo xmlns:ns="Infrastructure.Persistence.Xml.dll">
  <Metadata>
    <Version>3</Version>
  </Metadata>
  <Data>
    <IsodoseSettings>
      <HotRef>-1</HotRef>
      <ColdRef>-1</ColdRef>
      <IsoSelection>3</IsoSelection>
      <Cutoff>0</Cutoff>
      <DoseSurfaceParametersList>
        <DoseSurfaceParameter>
          <Isodose>2000</Isodose>
          <Style>0</Style>
          <Color>8585216</Color>
          <LineThickness>0</LineThickness>
        </DoseSurfaceParameter>
        <DoseSurfaceParameter>
          <Isodose>3000</Isodose>
          <Style>0</Style>
          <Color>15466496</Color>
          <LineThickness>0</LineThickness>
        </DoseSurfaceParameter>
        <DoseSurfaceParameter>
          <Isodose>3800</Isodose>
          <Style>0</Style>
          <Color>16733696</Color>
          <LineThickness>0</LineThickness>
        </DoseSurfaceParameter>
        <DoseSurfaceParameter>
          <Isodose>4200</Isodose>
          <Style>0</Style>
          <Color>16761600</Color>
          <LineThickness>0</LineThickness>
        </DoseSurfaceParameter>
        <DoseSurfaceParameter>
          <Isodose>4600</Isodose>
          <Style>0</Style>
          <Color>13827885</Color>
          <LineThickness>0</LineThickness>
        </DoseSurfaceParameter>
        <DoseSurfaceParameter>
          <Isodose>5000</Isodose>
          <Style>0</Style>
          <Color>6684569</Color>
          <LineThickness>0</LineThickness>
        </DoseSurfaceParameter>
        <DoseSurfaceParameter>
          <Isodose>5400</Isodose>
          <Style>0</Style>
          <Color>64511</Color>
          <LineThickness>0</LineThickness>
        </DoseSurfaceParameter>
        <DoseSurfaceParameter>
          <Isodose>5800</Isodose>
          <Style>0</Style>
          <Color>37631</Color>
          <LineThickness>0</LineThickness>
        </DoseSurfaceParameter>
        <DoseSurfaceParameter>
          <Isodose>6160</Isodose>
          <Style>0</Style>
          <Color>9727</Color>
          <LineThickness>0</LineThickness>
        </DoseSurfaceParameter>
        <DoseSurfaceParameter>
          <Isodose>6500</Isodose>
          <Style>0</Style>
          <Color>120</Color>
          <LineThickness>0</LineThickness>
        </DoseSurfaceParameter>
      </DoseSurfaceParametersList>
      <DoseStructureParametersList>
      </DoseStructureParametersList>
      <Thickness>5</Thickness>
      <IsolinesEnabled>false</IsolinesEnabled>
      <MinColorWashDose>2000</MinColorWashDose>
      <MaxColorWashDose>6500</MaxColorWashDose>
      <DefaultSurfaceDoses>false</DefaultSurfaceDoses>
      <DefaultColorWashDoses>true</DefaultColorWashDoses>
      <IsodoseTemplateName>Custom</IsodoseTemplateName>
    </IsodoseSettings>
  </Data>
</XmlFileIo>
