<?xml version='1.0' encoding='UTF-8' standalone='yes'?>
<XmlFileIo xmlns:ns="Infrastructure.Persistence.Xml.dll">
  <Metadata>
    <Version>3</Version>
  </Metadata>
  <Data>
    <IsodoseSettings>
      <HotRef>-1</HotRef>
      <ColdRef>-1</ColdRef>
      <IsoSelection>3</IsoSelection>
      <Cutoff>0</Cutoff>
      <DoseSurfaceParametersList>
        <DoseSurfaceParameter>
          <Isodose>2000</Isodose>
          <Style>0</Style>
          <Color>8585216</Color>
          <LineThickness>0</LineThickness>
        </DoseSurfaceParameter>
        <DoseSurfaceParameter>
          <Isodose>3000</Isodose>
          <Style>0</Style>
          <Color>15466496</Color>
          <LineThickness>0</LineThickness>
        </DoseSurfaceParameter>
        <DoseSurfaceParameter>
          <Isodose>3800</Isodose>
          <Style>0</Style>
          <Color>16733696</Color>
          <LineThickness>0</LineThickness>
        </DoseSurfaceParameter>
        <DoseSurfaceParameter>
          <Isodose>4200</Isodose>
          <Style>0</Style>
          <Color>16761600</Color>
          <LineThickness>0</LineThickness>
        </DoseSurfaceParameter>
        <DoseSurfaceParameter>
          <Isodose>4600</Isodose>
          <Style>0</Style>
          <Color>13827885</Color>
          <LineThickness>0</LineThickness>
        </DoseSurfaceParameter>
        <DoseSurfaceParameter>
          <Isodose>5000</Isodose>
          <Style>0</Style>
          <Color>6684569</Color>
          <LineThickness>0</LineThickness>
        </DoseSurfaceParameter>
        <DoseSurfaceParameter>
          <Isodose>5400</Isodose>
          <Style>0</Style>
          <Color>64511</Color>
          <LineThickness>0</LineThickness>
        </DoseSurfaceParameter>
        <DoseSurfaceParameter>
          <Isodose>5800</Isodose>
          <Style>0</Style>
          <Color>37631</Color>
          <LineThickness>0</LineThickness>
        </DoseSurfaceParameter>
        <DoseSurfaceParameter>
          <Isodose>6160</Isodose>
          <Style>0</Style>
          <Color>9727</Color>
          <LineThickness>0</LineThickness>
        </DoseSurfaceParameter>
        <DoseSurfaceParameter>
          <Isodose>6500</Isodose>
          <Style>0</Style>
          <Color>120</Color>
          <LineThickness>0</LineThickness>
        </DoseSurfaceParameter>
      </DoseSurfaceParametersList>
      <DoseStructureParametersList>
        <DoseStructureParameter>
          <StructureName>BODY</StructureName>
          <Enabled>-1</Enabled>
          <HighDoseRef>5</HighDoseRef>
          <MinDoseRef>95</MinDoseRef>
          <PrescribedDose>-1</PrescribedDose>
          <RefDoseList>
            <RefDose>
              <RefType>0</RefType>
              <RefValue>-1</RefValue>
            </RefDose>
          </RefDoseList>
          <DoseGoalList/>
        </DoseStructureParameter>
        <DoseStructureParameter>
          <StructureName>marker</StructureName>
          <Enabled>-1</Enabled>
          <HighDoseRef>5</HighDoseRef>
          <MinDoseRef>95</MinDoseRef>
          <PrescribedDose>-1</PrescribedDose>
          <RefDoseList>
            <RefDose>
              <RefType>0</RefType>
              <RefValue>-1</RefValue>
            </RefDose>
          </RefDoseList>
          <DoseGoalList/>
        </DoseStructureParameter>
        <DoseStructureParameter>
          <StructureName>R5</StructureName>
          <Enabled>-1</Enabled>
          <HighDoseRef>5</HighDoseRef>
          <MinDoseRef>95</MinDoseRef>
          <PrescribedDose>-1</PrescribedDose>
          <RefDoseList>
            <RefDose>
              <RefType>0</RefType>
              <RefValue>-1</RefValue>
            </RefDose>
          </RefDoseList>
          <DoseGoalList/>
        </DoseStructureParameter>
        <DoseStructureParameter>
          <StructureName>R6</StructureName>
          <Enabled>-1</Enabled>
          <HighDoseRef>5</HighDoseRef>
          <MinDoseRef>95</MinDoseRef>
          <PrescribedDose>-1</PrescribedDose>
          <RefDoseList>
            <RefDose>
              <RefType>0</RefType>
              <RefValue>-1</RefValue>
            </RefDose>
          </RefDoseList>
          <DoseGoalList/>
        </DoseStructureParameter>
        <DoseStructureParameter>
          <StructureName>R7</StructureName>
          <Enabled>-1</Enabled>
          <HighDoseRef>5</HighDoseRef>
          <MinDoseRef>95</MinDoseRef>
          <PrescribedDose>-1</PrescribedDose>
          <RefDoseList>
            <RefDose>
              <RefType>0</RefType>
              <RefValue>-1</RefValue>
            </RefDose>
          </RefDoseList>
          <DoseGoalList/>
        </DoseStructureParameter>
        <DoseStructureParameter>
          <StructureName>PCTV1</StructureName>
          <Enabled>-1</Enabled>
          <HighDoseRef>5</HighDoseRef>
          <MinDoseRef>95</MinDoseRef>
          <PrescribedDose>-1</PrescribedDose>
          <RefDoseList>
            <RefDose>
              <RefType>0</RefType>
              <RefValue>-1</RefValue>
            </RefDose>
          </RefDoseList>
          <DoseGoalList/>
        </DoseStructureParameter>
        <DoseStructureParameter>
          <StructureName>Lung</StructureName>
          <Enabled>-1</Enabled>
          <HighDoseRef>5</HighDoseRef>
          <MinDoseRef>95</MinDoseRef>
          <PrescribedDose>-1</PrescribedDose>
          <RefDoseList/>
          <DoseGoalList>
            <DoseGoal>
              <GoalType>7</GoalType>
              <Dose>1000.0</Dose>
              <Volume>20</Volume>
              <Tolerance>0</Tolerance>
            </DoseGoal>
          </DoseGoalList>
        </DoseStructureParameter>
        <DoseStructureParameter>
          <StructureName>Mandible</StructureName>
          <Enabled>-1</Enabled>
          <HighDoseRef>5</HighDoseRef>
          <MinDoseRef>95</MinDoseRef>
          <PrescribedDose>-1</PrescribedDose>
          <RefDoseList/>
          <DoseGoalList>
            <DoseGoal>
              <GoalType>7</GoalType>
              <Dose>3500.0</Dose>
              <Volume>50</Volume>
              <Tolerance>0</Tolerance>
            </DoseGoal>
            <DoseGoal>
              <GoalType>8</GoalType>
              <Dose>5200.0</Dose>
              <Volume>2000.0</Volume>
              <Tolerance>0</Tolerance>
            </DoseGoal>
          </DoseGoalList>
        </DoseStructureParameter>
        <DoseStructureParameter>
          <StructureName>Optical Chiasm</StructureName>
          <Enabled>-1</Enabled>
          <HighDoseRef>5</HighDoseRef>
          <MinDoseRef>95</MinDoseRef>
          <PrescribedDose>-1</PrescribedDose>
          <RefDoseList/>
          <DoseGoalList>
            <DoseGoal>
              <GoalType>7</GoalType>
              <Dose>5100.0</Dose>
              <Volume>1</Volume>
              <Tolerance>0</Tolerance>
            </DoseGoal>
          </DoseGoalList>
        </DoseStructureParameter>
        <DoseStructureParameter>
          <StructureName>Optical Nerve L</StructureName>
          <Enabled>-1</Enabled>
          <HighDoseRef>5</HighDoseRef>
          <MinDoseRef>95</MinDoseRef>
          <PrescribedDose>-1</PrescribedDose>
          <RefDoseList/>
          <DoseGoalList>
            <DoseGoal>
              <GoalType>7</GoalType>
              <Dose>5100.0</Dose>
              <Volume>1</Volume>
              <Tolerance>0</Tolerance>
            </DoseGoal>
          </DoseGoalList>
        </DoseStructureParameter>
        <DoseStructureParameter>
          <StructureName>Optical Nerve R</StructureName>
          <Enabled>-1</Enabled>
          <HighDoseRef>5</HighDoseRef>
          <MinDoseRef>95</MinDoseRef>
          <PrescribedDose>-1</PrescribedDose>
          <RefDoseList/>
          <DoseGoalList>
            <DoseGoal>
              <GoalType>7</GoalType>
              <Dose>5100.0</Dose>
              <Volume>1</Volume>
              <Tolerance>0</Tolerance>
            </DoseGoal>
          </DoseGoalList>
        </DoseStructureParameter>
        <DoseStructureParameter>
          <StructureName>Oral Cavity</StructureName>
          <Enabled>-1</Enabled>
          <HighDoseRef>5</HighDoseRef>
          <MinDoseRef>95</MinDoseRef>
          <PrescribedDose>-1</PrescribedDose>
          <RefDoseList/>
          <DoseGoalList>
            <DoseGoal>
              <GoalType>7</GoalType>
              <Dose>3500.0</Dose>
              <Volume>50</Volume>
              <Tolerance>0</Tolerance>
            </DoseGoal>
          </DoseGoalList>
        </DoseStructureParameter>
        <DoseStructureParameter>
          <StructureName>A.D L</StructureName>
          <Enabled>-1</Enabled>
          <HighDoseRef>5</HighDoseRef>
          <MinDoseRef>95</MinDoseRef>
          <PrescribedDose>-1</PrescribedDose>
          <RefDoseList/>
          <DoseGoalList>
            <DoseGoal>
              <GoalType>7</GoalType>
              <Dose>3000.0</Dose>
              <Volume>50</Volume>
              <Tolerance>0</Tolerance>
            </DoseGoal>
          </DoseGoalList>
        </DoseStructureParameter>
        <DoseStructureParameter>
          <StructureName>A.D R</StructureName>
          <Enabled>-1</Enabled>
          <HighDoseRef>5</HighDoseRef>
          <MinDoseRef>95</MinDoseRef>
          <PrescribedDose>-1</PrescribedDose>
          <RefDoseList/>
          <DoseGoalList>
            <DoseGoal>
              <GoalType>7</GoalType>
              <Dose>4000.0</Dose>
              <Volume>50</Volume>
              <Tolerance>0</Tolerance>
            </DoseGoal>
          </DoseGoalList>
        </DoseStructureParameter>
        <DoseStructureParameter>
          <StructureName>Brain</StructureName>
          <Enabled>-1</Enabled>
          <HighDoseRef>5</HighDoseRef>
          <MinDoseRef>95</MinDoseRef>
          <PrescribedDose>-1</PrescribedDose>
          <RefDoseList/>
          <DoseGoalList>
            <DoseGoal>
              <GoalType>7</GoalType>
              <Dose>4000.0</Dose>
              <Volume>5</Volume>
              <Tolerance>0</Tolerance>
            </DoseGoal>
          </DoseGoalList>
        </DoseStructureParameter>
        <DoseStructureParameter>
          <StructureName>Brain Stem</StructureName>
          <Enabled>-1</Enabled>
          <HighDoseRef>5</HighDoseRef>
          <MinDoseRef>95</MinDoseRef>
          <PrescribedDose>-1</PrescribedDose>
          <RefDoseList/>
          <DoseGoalList>
            <DoseGoal>
              <GoalType>8</GoalType>
              <Dose>4500.0</Dose>
              <Volume>100.0</Volume>
              <Tolerance>0</Tolerance>
            </DoseGoal>
          </DoseGoalList>
        </DoseStructureParameter>
        <DoseStructureParameter>
          <StructureName>CTV</StructureName>
          <Enabled>-1</Enabled>
          <HighDoseRef>5</HighDoseRef>
          <MinDoseRef>95</MinDoseRef>
          <PrescribedDose>-1</PrescribedDose>
          <RefDoseList>
            <RefDose>
              <RefType>0</RefType>
              <RefValue>-1</RefValue>
            </RefDose>
          </RefDoseList>
          <DoseGoalList/>
        </DoseStructureParameter>
        <DoseStructureParameter>
          <StructureName>GTV nd</StructureName>
          <Enabled>-1</Enabled>
          <HighDoseRef>5</HighDoseRef>
          <MinDoseRef>95</MinDoseRef>
          <PrescribedDose>-1</PrescribedDose>
          <RefDoseList>
            <RefDose>
              <RefType>0</RefType>
              <RefValue>-1</RefValue>
            </RefDose>
          </RefDoseList>
          <DoseGoalList/>
        </DoseStructureParameter>
        <DoseStructureParameter>
          <StructureName>GTV nx</StructureName>
          <Enabled>-1</Enabled>
          <HighDoseRef>5</HighDoseRef>
          <MinDoseRef>95</MinDoseRef>
          <PrescribedDose>-1</PrescribedDose>
          <RefDoseList>
            <RefDose>
              <RefType>0</RefType>
              <RefValue>-1</RefValue>
            </RefDose>
          </RefDoseList>
          <DoseGoalList/>
        </DoseStructureParameter>
        <DoseStructureParameter>
          <StructureName>L eye</StructureName>
          <Enabled>-1</Enabled>
          <HighDoseRef>5</HighDoseRef>
          <MinDoseRef>95</MinDoseRef>
          <PrescribedDose>-1</PrescribedDose>
          <RefDoseList>
            <RefDose>
              <RefType>0</RefType>
              <RefValue>-1</RefValue>
            </RefDose>
          </RefDoseList>
          <DoseGoalList/>
        </DoseStructureParameter>
        <DoseStructureParameter>
          <StructureName>Larynx</StructureName>
          <Enabled>-1</Enabled>
          <HighDoseRef>5</HighDoseRef>
          <MinDoseRef>95</MinDoseRef>
          <PrescribedDose>-1</PrescribedDose>
          <RefDoseList/>
          <DoseGoalList>
            <DoseGoal>
              <GoalType>7</GoalType>
              <Dose>3000.0</Dose>
              <Volume>50</Volume>
              <Tolerance>0</Tolerance>
            </DoseGoal>
          </DoseGoalList>
        </DoseStructureParameter>
        <DoseStructureParameter>
          <StructureName>Lens L</StructureName>
          <Enabled>-1</Enabled>
          <HighDoseRef>5</HighDoseRef>
          <MinDoseRef>95</MinDoseRef>
          <PrescribedDose>-1</PrescribedDose>
          <RefDoseList/>
          <DoseGoalList>
            <DoseGoal>
              <GoalType>7</GoalType>
              <Dose>600.0</Dose>
              <Volume>1</Volume>
              <Tolerance>0</Tolerance>
            </DoseGoal>
          </DoseGoalList>
        </DoseStructureParameter>
        <DoseStructureParameter>
          <StructureName>Lens R</StructureName>
          <Enabled>-1</Enabled>
          <HighDoseRef>5</HighDoseRef>
          <MinDoseRef>95</MinDoseRef>
          <PrescribedDose>-1</PrescribedDose>
          <RefDoseList/>
          <DoseGoalList>
            <DoseGoal>
              <GoalType>7</GoalType>
              <Dose>500.0</Dose>
              <Volume>1</Volume>
              <Tolerance>0</Tolerance>
            </DoseGoal>
          </DoseGoalList>
        </DoseStructureParameter>
        <DoseStructureParameter>
          <StructureName>PCTV</StructureName>
          <Enabled>-1</Enabled>
          <HighDoseRef>5</HighDoseRef>
          <MinDoseRef>95</MinDoseRef>
          <PrescribedDose>-1</PrescribedDose>
          <RefDoseList/>
          <DoseGoalList>
            <DoseGoal>
              <GoalType>9</GoalType>
              <Dose>5040.0</Dose>
              <Volume>95.0</Volume>
              <Tolerance>0</Tolerance>
            </DoseGoal>
          </DoseGoalList>
        </DoseStructureParameter>
        <DoseStructureParameter>
          <StructureName>PGTVnd</StructureName>
          <Enabled>-1</Enabled>
          <HighDoseRef>5</HighDoseRef>
          <MinDoseRef>95</MinDoseRef>
          <PrescribedDose>-1</PrescribedDose>
          <RefDoseList/>
          <DoseGoalList>
            <DoseGoal>
              <GoalType>9</GoalType>
              <Dose>5936.0</Dose>
              <Volume>95.0</Volume>
              <Tolerance>0</Tolerance>
            </DoseGoal>
          </DoseGoalList>
        </DoseStructureParameter>
        <DoseStructureParameter>
          <StructureName>Parotid R</StructureName>
          <Enabled>-1</Enabled>
          <HighDoseRef>5</HighDoseRef>
          <MinDoseRef>95</MinDoseRef>
          <PrescribedDose>-1</PrescribedDose>
          <RefDoseList/>
          <DoseGoalList>
            <DoseGoal>
              <GoalType>7</GoalType>
              <Dose>2500.0</Dose>
              <Volume>50</Volume>
              <Tolerance>0</Tolerance>
            </DoseGoal>
          </DoseGoalList>
        </DoseStructureParameter>
        <DoseStructureParameter>
          <StructureName>Parotid L</StructureName>
          <Enabled>-1</Enabled>
          <HighDoseRef>5</HighDoseRef>
          <MinDoseRef>95</MinDoseRef>
          <PrescribedDose>-1</PrescribedDose>
          <RefDoseList/>
          <DoseGoalList>
            <DoseGoal>
              <GoalType>7</GoalType>
              <Dose>3500.0</Dose>
              <Volume>50</Volume>
              <Tolerance>0</Tolerance>
            </DoseGoal>
          </DoseGoalList>
        </DoseStructureParameter>
        <DoseStructureParameter>
          <StructureName>Pituitary</StructureName>
          <Enabled>-1</Enabled>
          <HighDoseRef>5</HighDoseRef>
          <MinDoseRef>95</MinDoseRef>
          <PrescribedDose>-1</PrescribedDose>
          <RefDoseList/>
          <DoseGoalList>
            <DoseGoal>
              <GoalType>7</GoalType>
              <Dose>4500.0</Dose>
              <Volume>50</Volume>
              <Tolerance>0</Tolerance>
            </DoseGoal>
          </DoseGoalList>
        </DoseStructureParameter>
        <DoseStructureParameter>
          <StructureName>R eye</StructureName>
          <Enabled>-1</Enabled>
          <HighDoseRef>5</HighDoseRef>
          <MinDoseRef>95</MinDoseRef>
          <PrescribedDose>-1</PrescribedDose>
          <RefDoseList>
            <RefDose>
              <RefType>0</RefType>
              <RefValue>-1</RefValue>
            </RefDose>
          </RefDoseList>
          <DoseGoalList/>
        </DoseStructureParameter>
        <DoseStructureParameter>
          <StructureName>PRV BS</StructureName>
          <Enabled>-1</Enabled>
          <HighDoseRef>5</HighDoseRef>
          <MinDoseRef>95</MinDoseRef>
          <PrescribedDose>-1</PrescribedDose>
          <RefDoseList>
            <RefDose>
              <RefType>0</RefType>
              <RefValue>-1</RefValue>
            </RefDose>
          </RefDoseList>
          <DoseGoalList/>
        </DoseStructureParameter>
        <DoseStructureParameter>
          <StructureName>Spinal Cord</StructureName>
          <Enabled>-1</Enabled>
          <HighDoseRef>5</HighDoseRef>
          <MinDoseRef>95</MinDoseRef>
          <PrescribedDose>-1</PrescribedDose>
          <RefDoseList/>
          <DoseGoalList>
            <DoseGoal>
              <GoalType>8</GoalType>
              <Dose>3500.0</Dose>
              <Volume>100.0</Volume>
              <Tolerance>0</Tolerance>
            </DoseGoal>
          </DoseGoalList>
        </DoseStructureParameter>
        <DoseStructureParameter>
          <StructureName>T.Joint R</StructureName>
          <Enabled>-1</Enabled>
          <HighDoseRef>5</HighDoseRef>
          <MinDoseRef>95</MinDoseRef>
          <PrescribedDose>-1</PrescribedDose>
          <RefDoseList/>
          <DoseGoalList>
            <DoseGoal>
              <GoalType>7</GoalType>
              <Dose>4000.0</Dose>
              <Volume>50</Volume>
              <Tolerance>0</Tolerance>
            </DoseGoal>
          </DoseGoalList>
        </DoseStructureParameter>
        <DoseStructureParameter>
          <StructureName>T.Joint L</StructureName>
          <Enabled>-1</Enabled>
          <HighDoseRef>5</HighDoseRef>
          <MinDoseRef>95</MinDoseRef>
          <PrescribedDose>-1</PrescribedDose>
          <RefDoseList/>
          <DoseGoalList>
            <DoseGoal>
              <GoalType>7</GoalType>
              <Dose>5000.0</Dose>
              <Volume>50</Volume>
              <Tolerance>0</Tolerance>
            </DoseGoal>
          </DoseGoalList>
        </DoseStructureParameter>
        <DoseStructureParameter>
          <StructureName>T.Lobe R</StructureName>
          <Enabled>-1</Enabled>
          <HighDoseRef>5</HighDoseRef>
          <MinDoseRef>95</MinDoseRef>
          <PrescribedDose>-1</PrescribedDose>
          <RefDoseList/>
          <DoseGoalList>
            <DoseGoal>
              <GoalType>7</GoalType>
              <Dose>5000.0</Dose>
              <Volume>3</Volume>
              <Tolerance>0</Tolerance>
            </DoseGoal>
          </DoseGoalList>
        </DoseStructureParameter>
        <DoseStructureParameter>
          <StructureName>T.Lobe L</StructureName>
          <Enabled>-1</Enabled>
          <HighDoseRef>5</HighDoseRef>
          <MinDoseRef>95</MinDoseRef>
          <PrescribedDose>-1</PrescribedDose>
          <RefDoseList/>
          <DoseGoalList>
            <DoseGoal>
              <GoalType>7</GoalType>
              <Dose>5000.0</Dose>
              <Volume>3</Volume>
              <Tolerance>0</Tolerance>
            </DoseGoal>
          </DoseGoalList>
        </DoseStructureParameter>
        <DoseStructureParameter>
          <StructureName>R2</StructureName>
          <Enabled>-1</Enabled>
          <HighDoseRef>5</HighDoseRef>
          <MinDoseRef>95</MinDoseRef>
          <PrescribedDose>-1</PrescribedDose>
          <RefDoseList>
            <RefDose>
              <RefType>0</RefType>
              <RefValue>-1</RefValue>
            </RefDose>
          </RefDoseList>
          <DoseGoalList/>
        </DoseStructureParameter>
        <DoseStructureParameter>
          <StructureName>R3</StructureName>
          <Enabled>-1</Enabled>
          <HighDoseRef>5</HighDoseRef>
          <MinDoseRef>95</MinDoseRef>
          <PrescribedDose>-1</PrescribedDose>
          <RefDoseList>
            <RefDose>
              <RefType>0</RefType>
              <RefValue>-1</RefValue>
            </RefDose>
          </RefDoseList>
          <DoseGoalList/>
        </DoseStructureParameter>
        <DoseStructureParameter>
          <StructureName>R4</StructureName>
          <Enabled>-1</Enabled>
          <HighDoseRef>5</HighDoseRef>
          <MinDoseRef>95</MinDoseRef>
          <PrescribedDose>-1</PrescribedDose>
          <RefDoseList>
            <RefDose>
              <RefType>0</RefType>
              <RefValue>-1</RefValue>
            </RefDose>
          </RefDoseList>
          <DoseGoalList/>
        </DoseStructureParameter>
        <DoseStructureParameter>
          <StructureName>PGTVnx</StructureName>
          <Enabled>-1</Enabled>
          <HighDoseRef>5</HighDoseRef>
          <MinDoseRef>95</MinDoseRef>
          <PrescribedDose>-1</PrescribedDose>
          <RefDoseList/>
          <DoseGoalList>
            <DoseGoal>
              <GoalType>9</GoalType>
              <Dose>6160.0</Dose>
              <Volume>95.0</Volume>
              <Tolerance>0</Tolerance>
            </DoseGoal>
          </DoseGoalList>
        </DoseStructureParameter>
        <DoseStructureParameter>
          <StructureName>R0</StructureName>
          <Enabled>-1</Enabled>
          <HighDoseRef>5</HighDoseRef>
          <MinDoseRef>95</MinDoseRef>
          <PrescribedDose>-1</PrescribedDose>
          <RefDoseList>
            <RefDose>
              <RefType>0</RefType>
              <RefValue>-1</RefValue>
            </RefDose>
          </RefDoseList>
          <DoseGoalList/>
        </DoseStructureParameter>
        <DoseStructureParameter>
          <StructureName>OverlapPL_PCTV</StructureName>
          <Enabled>-1</Enabled>
          <HighDoseRef>5</HighDoseRef>
          <MinDoseRef>95</MinDoseRef>
          <PrescribedDose>-1</PrescribedDose>
          <RefDoseList>
            <RefDose>
              <RefType>0</RefType>
              <RefValue>-1</RefValue>
            </RefDose>
          </RefDoseList>
          <DoseGoalList/>
        </DoseStructureParameter>
        <DoseStructureParameter>
          <StructureName></StructureName>
          <Enabled>-1</Enabled>
          <HighDoseRef>5</HighDoseRef>
          <MinDoseRef>95</MinDoseRef>
          <PrescribedDose>-1</PrescribedDose>
          <RefDoseList>
            <RefDose>
              <RefType>0</RefType>
              <RefValue>-1</RefValue>
            </RefDose>
          </RefDoseList>
          <DoseGoalList/>
        </DoseStructureParameter>
        <DoseStructureParameter>
          <StructureName>0</StructureName>
          <Enabled>-1</Enabled>
          <HighDoseRef>5</HighDoseRef>
          <MinDoseRef>95</MinDoseRef>
          <PrescribedDose>-1</PrescribedDose>
          <RefDoseList>
            <RefDose>
              <RefType>0</RefType>
              <RefValue>-1</RefValue>
            </RefDose>
          </RefDoseList>
          <DoseGoalList/>
        </DoseStructureParameter>
        <DoseStructureParameter>
          <StructureName>1</StructureName>
          <Enabled>-1</Enabled>
          <HighDoseRef>5</HighDoseRef>
          <MinDoseRef>95</MinDoseRef>
          <PrescribedDose>-1</PrescribedDose>
          <RefDoseList>
            <RefDose>
              <RefType>0</RefType>
              <RefValue>-1</RefValue>
            </RefDose>
          </RefDoseList>
          <DoseGoalList/>
        </DoseStructureParameter>
      </DoseStructureParametersList>
      <Thickness>5</Thickness>
      <IsolinesEnabled>false</IsolinesEnabled>
      <MinColorWashDose>2000</MinColorWashDose>
      <MaxColorWashDose>6500</MaxColorWashDose>
      <DefaultSurfaceDoses>false</DefaultSurfaceDoses>
      <DefaultColorWashDoses>true</DefaultColorWashDoses>
      <IsodoseTemplateName>Custom</IsodoseTemplateName>
    </IsodoseSettings>
  </Data>
</XmlFileIo>
